<?xml version="1.0" encoding="UTF-8" standalone="no"?><Vocabulary><Namespace>http://usefulinc.com/ns</Namespace><Terminal>doap#implements</Terminal><Terminal>doap#CVSRepository</Terminal><Terminal>doap#anon-root</Terminal><Terminal>doap#platform</Terminal><Terminal>doap#browse</Terminal><Terminal>doap#mailing-list</Terminal><Terminal>doap#programming-language</Terminal><Terminal>doap#category</Terminal><Terminal>doap#homepage</Terminal><Terminal>doap#description</Terminal><Terminal>doap#helper</Terminal><Terminal>doap#tester</Terminal><Terminal>doap#audience</Terminal><Terminal>doap#GitRepository</Terminal><Terminal>doap#shortdesc</Terminal><Terminal>doap#BKRepository</Terminal><Terminal>doap#screenshots</Terminal><Terminal>doap#SVNRepository</Terminal><Terminal>doap#translator</Terminal><Terminal>doap#module</Terminal><Terminal>doap#ArchRepository</Terminal><Terminal>doap#DarcsRepository</Terminal><Terminal>doap#documenter</Terminal><Terminal>doap#wiki</Terminal><Terminal>doap#repository</Terminal><Terminal>doap#Version</Terminal><Terminal>doap#Specification</Terminal><Terminal>doap#name</Terminal><Terminal>doap#location</Terminal><Terminal>doap#language</Terminal><Terminal>doap#service-endpoint</Terminal><Terminal>doap#created</Terminal><Terminal>doap#developer</Terminal><Terminal>doap#HgRepository</Terminal><Terminal>doap#vendor</Terminal><Terminal>doap#download-mirror</Terminal><Terminal>doap#old-homepage</Terminal><Terminal>doap#revision</Terminal><Terminal>doap#Repository</Terminal><Terminal>doap#Project</Terminal><Terminal>doap#download-page</Terminal><Terminal>doap#license</Terminal><Terminal>doap#bug-database</Terminal><Terminal>doap#maintainer</Terminal><Terminal>doap#</Terminal><Terminal>doap#blog</Terminal><Terminal>doap#BazaarBranch</Terminal><Terminal>doap#file-release</Terminal><Terminal>doap#os</Terminal><Terminal>doap#release</Terminal></Vocabulary>