<?xml version="1.0" encoding="UTF-8" standalone="no"?><Vocabulary><Namespace>http://xmlns.com/foaf/0.1</Namespace><Terminal>knows</Terminal><Terminal>firstName</Terminal><Terminal>icqChatID</Terminal><Terminal>birthday</Terminal><Terminal>givenname</Terminal><Terminal>accountServiceHomepage</Terminal><Terminal>isPrimaryTopicOf</Terminal><Terminal>depicts</Terminal><Terminal>phone</Terminal><Terminal>openid</Terminal><Terminal>givenName</Terminal><Terminal>Project</Terminal><Terminal>account</Terminal><Terminal>skypeID</Terminal><Terminal>Image</Terminal><Terminal>page</Terminal><Terminal>OnlineEcommerceAccount</Terminal><Terminal>lastName</Terminal><Terminal>membershipClass</Terminal><Terminal>yahooChatID</Terminal><Terminal>homepage</Terminal><Terminal>topic_interest</Terminal><Terminal>dnaChecksum</Terminal><Terminal>gender</Terminal><Terminal>mbox_sha1sum</Terminal><Terminal>logo</Terminal><Terminal>img</Terminal><Terminal>fundedBy</Terminal><Terminal>interest</Terminal><Terminal>familyName</Terminal><Terminal>status</Terminal><Terminal>msnChatID</Terminal><Terminal>sha1</Terminal><Terminal>PersonalProfileDocument</Terminal><Terminal>workInfoHomepage</Terminal><Terminal>currentProject</Terminal><Terminal>mbox</Terminal><Terminal>schoolHomepage</Terminal><Terminal>Organization</Terminal><Terminal>holdsAccount</Terminal><Terminal>maker</Terminal><Terminal>pastProject</Terminal><Terminal>OnlineChatAccount</Terminal><Terminal>jabberID</Terminal><Terminal>accountName</Terminal><Terminal>name</Terminal><Terminal>OnlineAccount</Terminal><Terminal>tipjar</Terminal><Terminal>age</Terminal><Terminal>primaryTopic</Terminal><Terminal>myersBriggs</Terminal><Terminal>Agent</Terminal><Terminal>OnlineGamingAccount</Terminal><Terminal>depiction</Terminal><Terminal>workplaceHomepage</Terminal><Terminal>weblog</Terminal><Terminal>title</Terminal><Terminal>thumbnail</Terminal><Terminal>Person</Terminal><Terminal>made</Terminal><Terminal>LabelProperty</Terminal><Terminal>nick</Terminal><Terminal>based_near</Terminal><Terminal>surname</Terminal><Terminal>plan</Terminal><Terminal>aimChatID</Terminal><Terminal>Group</Terminal><Terminal>geekcode</Terminal><Terminal>Document</Terminal><Terminal>topic</Terminal><Terminal>family_name</Terminal><Terminal>member</Terminal><Terminal>theme</Terminal><Terminal>publications</Terminal></Vocabulary>