<?xml version="1.0" encoding="UTF-8" standalone="no"?><Vocabulary><Namespace>http://purl.org/dc/terms</Namespace><Terminal>RightsStatement</Terminal><Terminal>format</Terminal><Terminal>medium</Terminal><Terminal>Jurisdiction</Terminal><Terminal>MediaTypeOrExtent</Terminal><Terminal>subject</Terminal><Terminal>alternative</Terminal><Terminal>UDC</Terminal><Terminal>tableOfContents</Terminal><Terminal>date</Terminal><Terminal>BibliographicResource</Terminal><Terminal>license</Terminal><Terminal>source</Terminal><Terminal>MESH</Terminal><Terminal>isReferencedBy</Terminal><Terminal>hasFormat</Terminal><Terminal>LocationPeriodOrJurisdiction</Terminal><Terminal>replaces</Terminal><Terminal>mediator</Terminal><Terminal>extent</Terminal><Terminal>rightsHolder</Terminal><Terminal>Agent</Terminal><Terminal>LicenseDocument</Terminal><Terminal>hasVersion</Terminal><Terminal>accrualPolicy</Terminal><Terminal>created</Terminal><Terminal>references</Terminal><Terminal>creator</Terminal><Terminal>Policy</Terminal><Terminal>accessRights</Terminal><Terminal>AgentClass</Terminal><Terminal>title</Terminal><Terminal>relation</Terminal><Terminal>Frequency</Terminal><Terminal>LCSH</Terminal><Terminal>dateCopyrighted</Terminal><Terminal>abstract</Terminal><Terminal>contributor</Terminal><Terminal>Point</Terminal><Terminal>publisher</Terminal><Terminal>RFC4646</Terminal><Terminal>ISO639-3</Terminal><Terminal>SizeOrDuration</Terminal><Terminal>conformsTo</Terminal><Terminal>accrualPeriodicity</Terminal><Terminal>Standard</Terminal><Terminal>IMT</Terminal><Terminal>isReplacedBy</Terminal><Terminal>identifier</Terminal><Terminal>hasPart</Terminal><Terminal>accrualMethod</Terminal><Terminal>type</Terminal><Terminal>ISO3166</Terminal><Terminal>dateAccepted</Terminal><Terminal>coverage</Terminal><Terminal>MediaType</Terminal><Terminal>W3CDTF</Terminal><Terminal>ISO639-2</Terminal><Terminal>educationLevel</Terminal><Terminal>audience</Terminal><Terminal>isRequiredBy</Terminal><Terminal>available</Terminal><Terminal>isPartOf</Terminal><Terminal>isVersionOf</Terminal><Terminal>PhysicalResource</Terminal><Terminal>URI</Terminal><Terminal>DDC</Terminal><Terminal>rights</Terminal><Terminal>MethodOfInstruction</Terminal><Terminal>modified</Terminal><Terminal>instructionalMethod</Terminal><Terminal>ProvenanceStatement</Terminal><Terminal>isFormatOf</Terminal><Terminal>spatial</Terminal><Terminal>RFC1766</Terminal><Terminal>MethodOfAccrual</Terminal><Terminal>temporal</Terminal><Terminal>issued</Terminal><Terminal>DCMIType</Terminal><Terminal>RFC3066</Terminal><Terminal>TGN</Terminal><Terminal>bibliographicCitation</Terminal><Terminal>Period</Terminal><Terminal>Location</Terminal><Terminal>LCC</Terminal><Terminal>provenance</Terminal><Terminal>description</Terminal><Terminal>language</Terminal><Terminal>PeriodOfTime</Terminal><Terminal>dateSubmitted</Terminal><Terminal>valid</Terminal><Terminal>requires</Terminal><Terminal>NLM</Terminal><Terminal>LinguisticSystem</Terminal><Terminal>Box</Terminal><Terminal>PhysicalMedium</Terminal><Terminal>FileFormat</Terminal></Vocabulary>